Workbook
Name Slicer_Category: #N/A
Name Slicer_Region1: #N/A
Name Slicer_Sales_Channel: #N/A
Name Timeline_OrderDate: #N/A

Sheet Raw Dataset
A1: OrderID | B1: OrderDate | C1: CustomerID | D1: FirstName | E1: LastName | F1: Age | G1: City | H1: Region | I1: ProductID | J1: ProductName | K1: Category | L1: Price | M1: Quantity | N1: TotalAmount
A2: 1 | B2: 45808 | C2: 96 | D2: Mary | E2: Nwosu | F2: 69 | G2: Enugu | H2: South East | I2: 23 | J2: Mechanical Keyboard | K2: Gaming | L2: 195.22 | M2: 4 | N2: 780.88
A3: 2 | B3: 45853 | C3: 42 | D3: Ada | E3: Eze | F3: 45 | G3: Port Harcourt | H3: South South | I3: 27 | J3: Water Bottle | K3: Lifestyle | L3: 845 | M3: 4 | N3: 3380
A4: 3 | B4: 45454 | C4: 104 | D4: Amina | E4: Adeyemi | F4: 56 | G4: Port Harcourt | H4: South South | I4: 3 | J4: Tablet | K4: Electronics | L4: 922.74 | M4: 6 | N4: 5536.44
A5: 4 | B5: 45778 | C5: 14 | D5: Grace | E5: Mensah | F5: 67 | G5: Lagos | H5: South West | I5: 2 | J5: Smartphone | K5: Electronics | L5: 1476.14 | M5: 4 | N5: 5904.56
A6: 5 | B6: 45557 | C6: 72 | D6: David | E6: Ibrahim | F6: 43 | G6: Enugu | H6: South East | I6: 12 | J6: Microwave | K6: Home Appliances | L6: 1036.12 | M6: 2 | N6: 2072.24
A7: 6 | B7: 45944 | C7: 119 | D7: Chinedu | E7: Mensah | F7: 61 | G7: Enugu | H7: South East | I7: 13 | J7: Electric Kettle | K7: Home Appliances | L7: 1340.6 | M7: 3 | N7: 4021.8
A8: 7 | B8: 45825 | C8: 113 | D8: Grace | E8: Balogun | F8: 29 | G8: Lagos | H8: South West | I8: 17 | J8: Desk Lamp | K8: Office | L8: 339.98 | M8: 4 | N8: 1359.92
A9: 8 | B9: 45933 | C9: 102 | D9: Ibrahim | E9: Okoro | F9: 50 | G9: Port Harcourt | H9: South South | I9: 24 | J9: Gaming Mouse | K9: Gaming | L9: 213.01 | M9: 2 | N9: 426.02
A10: 9 | B10: 45573 | C10: 105 | D10: Emeka | E10: Adebayo | F10: 45 | G10: Enugu | H10: South East | I10: 4 | J10: Headphones | K10: Electronics | L10: 1156.21 | M10: 4 | N10: 4624.84
A11: 10 | B11: 45371 | C11: 46 | D11: David | E11: Adeyemi | F11: 39 | G11: Kano | H11: SOUTH WEST | I11: 12 | J11: Microwave | K11: Home Appliances | L11: 1036.12 | M11: 6 | N11: 6216.72
A12: 11 | B12: 45584 | C12: 95 | D12: Kemi | E12: Nwosu | F12: 19 | G12: Abuja | H12: North Central | I12: 26 | J12: Backpack | K12: Lifestyle | L12: 803.73 | M12: 2 | N12: 1607.46
A13: 12 | B13: 45570 | C13: 32 | D13: Chinedu | E13: Ibrahim | F13: 45 | G13: Enugu | H13: South East | I13: 26 | J13: Backpack | K13: Lifestyle | L13: 803.73 | M13: 3 | N13: 2411.19
... A28: 27 | B28: 45298 | C28: 104 | D28: Amina | E28: Adeyemi | F28: 56 | G28: Port Harcourt | H28: South South | I28: 10 | J28: Laptop Bag | K28: Accessories | L28: 608.48 | M28: 3 | N28: 1825.44
A29: 28 | B29: 45597 | C29: 114 | D29: Ngozi | E29: Yakubu | F29: unknown | G29: Port Harcourt | H29: South South | I29: 27 | J29: Water Bottle | K29: Lifestyle | L29: 845 | M29: 4 | N29: 3380
A30: 29 | B30: 45721 | C30: 42 | D30: Ada | E30: Eze | F30: 45 | G30: Port Harcourt | H30: South South | I30: 23 | J30: Mechanical Keyboard | K30: Gaming | L30: 195.22 | M30: 5 | N30: 976.1
A31: 30 | B31: 45851 | C31: 2 | D31: Blessing | E31: Balogun | F31: 24 | G31: Kano | H31: North West | I31: 30 | J31: Travel Adapter | K31: Lifestyle | L31: 672.22 | M31: 5 | N31: 3361.1
A32: 31 | B32: 45517 | C32: 60 | D32: Chinedu | E32: Mensah | F32: 28 | G32: Lagos | H32: South-West | I32: 4 | J32: Headphones | K32: Electronics | L32: 1156.21 | M32: 4 | N32: 4624.84
A33: 32 | B33: 45516 | C33: 29 | D33: Ngozi | E33: Nwosu | F33: 56 | G33: Ibadan | H33: South West | I33: 1 | J33: Laptop | K33: Electronics | L33: 83.63 | M33: 3 | N33: 250.89
A34: 33 | B34: 45738 | C34: 114 | D34: Ngozi | E34: Yakubu | F34: 18 | G34: Port Harcourt | H34: South South | I34: 18 | J34: Webcam | K34: Office | L34: 1209.1 | M34: 4 | N34: 4836.4
A35: 34 | B35: 45321 | C35: 4 | D35: David | E35: Mensah | F35: 50 | G35: Ibadan | H35: South West | I35: 17 | J35: Desk Lamp | K35: Office | L35: 339.98 | M35: 4 | N35: 1359.92
A36: 35 | B36: 45636 | C36: 11 | D36: Emeka | E36: Osei | F36: 52 | G36: Lagos | H36: South West | I36: 10 | J36: Laptop Bag | K36: Accessories | L36: 608.48 | M36: 6 | N36: 3650.88
A37: 36 | B37: 45987 | C37: 67 | D37: Amina | E37: Yakubu | F37: 23 | G37: Abuja | H37: North Central | I37: 29 | J37: Bluetooth Speaker | K37: Lifestyle | L37: 1136.55 | M37: 4 | N37: 4546.2
A38: 37 | B38: 45461 | C38: 45 | D38: Samuel | E38: Yakubu | F38: 46 | G38: Enugu | H38: South East | I38: 30 | J38: Travel Adapter | K38: Lifestyle | L38: 672.22 | M38: 4 | N38: 2688.88
A39: 38 | B39: 45422 | C39: 91 | D39: Kemi | E39: Okafor | F39: 40 | G39: Enugu | H39: South East | I39: 4 | J39: Headphones | K39: Electronics | L39: 1156.21 | M39: 5 | N39: 5781.05
A40: 39 | B40: 45838 | C40: 102 | D40: Ibrahim | E40: Okoro | F40: 50 | G40: Port Harcourt | H40: South South | I40: 30 | J40: Travel Adapter | K40: Lifestyle | L40: 672.22 | M40: 1 | N40: 672.22
A41: 40 | B41: 45695 | C41: 82 | D41: David | E41: Okoro | F41: 58 | G41: Enugu | H41: South East | I41: 30 | J41: Travel Adapter | K41: Lifestyle | L41: 672.22 | M41: 5 | N41: 3361.1
... A69: 68 | B69: 45610 | C69: 32 | D69: Chinedu | E69: Ibrahim | F69: 45 | G69: Enugu | H69: South East | I69: 11 | J69: Blender | K69: home appliances | L69: 234.14 | M69: 1 | N69: 234.14
A70: 69 | B70: 45884 | C70: 9 | D70: Chinedu | E70: Adeyemi | F70: 42 | G70: Enugu | I70: 1 | J70: Laptop | K70: Electronics | L70: 83.63 | M70: 1 | N70: 83.63
A71: 70 | B71: 45611 | C71: 62 | D71: Blessing | E71: Nwosu | F71: 18 | G71: Lagos | H71: South West | I71: 21 | J71: Game Controller | K71: Gaming | L71: 842.75 | M71: 5 | N71: 4213.75
A72: 71 | B72: 45985 | C72: 37 | D72: Kemi | E72: Adebayo | F72: 69 | G72: Ibadan | H72: South West | I72: 5 | J72: Smartwatch | K72: Electronics | L72: 691.29 | M72: 4 | N72: 2765.16
A73: 72 | B73: 45698 | C73: 110 | D73: Emeka | E73: Ibrahim | F73: 50 | G73: Ibadan | H73: South West | I73: 13 | J73: Electric Kettle | K73: Home Appliances | L73: 1340.6 | M73: 6 | N73: 8043.6
A74: 73 | B74: 45495 | C74: 106 | D74: Ngozi | E74: Eze | F74: 30 | G74: Ibadan | H74: South West | I74: 1 | J74: Laptop | K74: Electronics | L74: 83.63 | M74: 1 | N74: 83.63
A75: 74 | B75: 45898 | C75: 52 | D75: Chinedu | E75: Adeyemi | F75: 60 | G75: Kano | H75: South-West | I75: 10 | J75: Laptop Bag | K75: Accessories | L75: 608.48 | M75: 6 | N75: 3650.88
A76: 75 | B76: 45934 | C76: 23 | D76: David | E76: Okoro | F76: 49 | G76: Enugu | H76: South East | I76: 3 | J76: Tablet | K76: Electronics | L76: 922.74 | M76: 2 | N76: 1845.48
A77: 76 | B77: 45396 | C77: 31 | D77: Grace | E77: Yakubu | F77: 66 | G77: Ibadan | H77: South West | I77: 10 | J77: Laptop Bag | K77: Accessories | L77: 608.48 | M77: 6 | N77: 3650.88
A78: 77 | B78: 45600 | C78: 6 | D78: David | E78: Osei | F78: 55 | G78: Lagos | H78: South West | I78: 13 | J78: Electric Kettle | K78: Home Appliances | L78: 1340.6 | M78: 6 | N78: 8043.6
A79: 78 | B79: 45906 | C79: 82 | D79: David | E79: Okoro | F79: 58 | G79: Enugu | H79: South East | I79: 26 | J79: Backpack | K79: Lifestyle | L79: 803.73 | M79: 1 | N79: 803.73
A80: 79 | B80: 45871 | C80: 48 | D80: David | E80: Adeyemi | F80: 20 | G80: Lagos | H80: South West | I80: 13 | J80: Electric Kettle | K80: Home Appliances | L80: 1340.6 | M80: 1 | N80: 1340.6
A81: 80 | B81: 45647 | C81: 113 | D81: Grace | E81: Balogun | F81: 29 | G81: Lagos | H81: South West | I81: 30 | J81: Travel Adapter | K81: Lifestyle | L81: 672.22 | M81: 5 | N81: 3361.1
A82: 81 | B82: 45730 | C82: 99 | D82: Joseph | E82: Osei | F82: 40 | G82: Kano | H82: North West | I82: 24 | J82: Gaming Mouse | K82: Gaming | L82: 213.01 | M82: 6 | N82: 1278.06
... A116: 115 | B116: 45953 | C116: 85 | D116: Amina | E116: Okafor | F116: 39 | G116: Port Harcourt | H116: South South | I116: 10 | J116: Laptop Bag | K116: Accessories | L116: 608.48 | M116: 6 | N116: 3650.88
A117: 116 | B117: 45794 | C117: 44 | D117: Emeka | E117: Ibrahim | F117: unknown | G117: Kano | H117: North West | I117: 19 | J117: Monitor | K117: Office | L117: 1048.43 | M117: 4 | N117: 4193.72
A118: 117 | B118: 45309 | C118: 17 | D118: Ibrahim | E118: Mensah | F118: 60 | G118: Enugu | H118: South East | I118: 30 | J118: Travel Adapter | K118: Lifestyle | L118: 672.22 | M118: 1 | N118: 672.22
A119: 118 | B119: 45593 | C119: 19 | D119: Blessing | E119: Osei | F119: 42 | G119: Kano | H119: North West | I119: 19 | J119: Monitor | K119: Office | L119: 1048.43 | M119: 2 | N119: 2096.86
A120: 119 | B120: 45706 | C120: 115 | D120: David | E120: Nwosu | F120: 68 | G120: Port Harcourt | H120: South South | I120: 5 | J120: Smartwatch | K120: Electronics | L120: 691.29 | M120: 6 | N120: 4147.74
A121: 120 | B121: 45541 | C121: 86 | D121: Grace | E121: Ibrahim | F121: 28 | G121: Abuja | H121: North Central | I121: 1 | J121: Laptop | K121: Electronics | L121: 83.63 | M121: 3 | N121: 250.89
A122: 121 | B122: 45971 | C122: 68 | D122: Chinedu | E122: Eze | F122: 22 | G122: Abuja | H122: North Central | I122: 24 | J122: Gaming Mouse | K122: Gaming | L122: 213.01 | M122: 5 | N122: 1065.05
A123: 122 | B123: 45669 | C123: 24 | D123: Blessing | E123: Ibrahim | F123: 26 | G123: Abuja | H123: North Central | I123: 23 | J123: Mechanical Keyboard | K123: Gaming | L123: 195.22 | M123: 4 | N123: 780.88
A124: 123 | B124: 45858 | C124: 5 | D124: Ada | E124: Mensah | F124: 63 | G124: Lagos | H124: South West | I124: 14 | J124: Fan | K124: Home Appliances | L124: 1292.75 | M124: 5 | N124: 6463.75
A125: 124 | B125: 45644 | C125: 24 | D125: Blessing | E125: Ibrahim | F125: 26 | G125: Abuja | H125: North Central | I125: 30 | J125: Travel Adapter | K125: Accessories | L125: 672.22 | M125: 4 | N125: 2688.88
A126: 125 | B126: 45855 | C126: 112 | D126: David | E126: Nwosu | F126: 60 | G126: Abuja | H126: SOUTH WEST | I126: 15 | J126: Air Conditioner | K126: Home Appliances | L126: 1329.92 | M126: 3 | N126: 3989.76
A127: 126 | B127: 45652 | C127: 99 | D127: Joseph | E127: Osei | F127: 40 | G127: Kano | H127: North West | I127: 20 | J127: External Drive | K127: Office | L127: 704.86 | M127: 6 | N127: 4229.16
A128: 127 | B128: 45756 | C128: 119 | D128: Chinedu | E128: Mensah | F128: 61 | G128: Enugu | H128: South East | I128: 29 | J128: Bluetooth Speaker | K128: Lifestyle | L128: 1136.55 | M128: 3 | N128: 3409.65
A129: 128 | B129: 45605 | C129: 94 | D129: Joseph | E129: Bello | F129: 69 | G129: Kano | H129: North West | I129: 5 | J129: Smartwatch | K129: Electronics | L129: 691.29 | M129: 3 | N129: 2073.87
... A268: 267 | B268: 45749 | C268: 93 | D268: Tunde | E268: Balogun | F268: 27 | G268: Lagos | H268: South West | I268: 10 | J268: Laptop Bag | K268: Accessories | L268: 608.48 | M268: 5 | N268: 3042.4
A269: 268 | B269: 45787 | C269: 41 | D269: Grace | E269: Osei | F269: unknown | G269: Abuja | H269: North Central | I269: 9 | J269: Power Bank | K269: Accessories | L269: 585.21 | M269: 3 | N269: 1755.63
A270: 269 | B270: 45632 | C270: 1 | D270: Amina | E270: Balogun | F270: 35 | G270: Ibadan | H270: South West | I270: 17 | J270: Desk Lamp | K270: Office | L270: 339.98 | M270: 5 | N270: 1699.9
A271: 270 | B271: 45848 | C271: 87 | D271: Ada | E271: Balogun | F271: 45 | G271: Abuja | H271: North Central | I271: 27 | J271: Water Bottle | K271: Lifestyle | L271: 845 | M271: 4 | N271: 3380
A272: 271 | B272: 45758 | C272: 76 | D272: Blessing | E272: Adebayo | F272: 22 | G272: Port Harcourt | H272: South South | I272: 4 | J272: Headphones | K272: Electronics | L272: 1156.21 | M272: 3 | N272: 3468.63
A273: 272 | B273: 45485 | C273: 12 | D273: Chinedu | E273: Yakubu | F273: 36 | G273: Lagos | H273: South West | I273: 5 | J273: Smartwatch | K273: Electronics | L273: 691.29 | M273: 6 | N273: 4147.74
A274: 273 | B274: 45536 | C274: 2 | D274: Blessing | E274: Balogun | F274: 24 | G274: Kano | H274: North West | I274: 7 | J274: Keyboard | K274: Accessories | L274: 869.87 | M274: 5 | N274: 4349.35
A275: 274 | B275: 45684 | C275: 31 | D275: Grace | E275: Yakubu | F275: 66 | G275: Ibadan | H275: South West | I275: 6 | J275: Mouse | K275: Accessories | L275: 1330.91 | M275: 2 | N275: 2661.82
A276: 275 | B276: 45712 | C276: 115 | D276: David | E276: Nwosu | F276: 68 | G276: Port Harcourt | H276: South South | I276: 29 | J276: Bluetooth Speaker | K276: Lifestyle | L276: 1136.55 | M276: 1 | N276: 1136.55
A277: 276 | B277: 45617 | C277: 5 | D277: Ada | E277: Mensah | F277: 63 | G277: Lagos | H277: South West | I277: 9 | J277: Power Bank | K277: Accessories | L277: 585.21 | M277: 6 | N277: 3511.26
A278: 277 | B278: 45776 | C278: 18 | D278: Tunde | E278: Okoro | F278: 28 | G278: Ibadan | H278: South West | I278: 4 | J278: Headphones | K278: Electronics | L278: 1156.21 | M278: 6 | N278: 6937.26
A279: 278 | B279: 45682 | C279: 108 | D279: Ibrahim | E279: Nwosu | F279: 22 | G279: Kano | H279: North West | I279: 26 | J279: Backpack | K279: Lifestyle | L279: 803.73 | M279: 4 | N279: 3214.92
A280: 279 | B280: 45971 | C280: 42 | D280: Ada | E280: Eze | F280: 45 | G280: Port Harcourt | H280: South South | I280: 26 | J280: Backpack | K280: Lifestyle | L280: 803.73 | M280: 6 | N280: 4822.38
A281: 280 | B281: 45447 | C281: 22 | D281: Fatima | E281: Adeyemi | F281: 31 | G281: Lagos | H281: South West | I281: 23 | J281: Mechanical Keyboard | K281: Gaming | L281: 195.22 | M281: 4 | N281: 780.88
... A372: 371 | B372: 45384 | C372: 99 | D372: Joseph | E372: Osei | F372: 40 | G372: Kano | H372: North West | I372: 9 | J372: Power Bank | K372: Accessories | L372: 585.21 | M372: 4 | N372: 2340.84
A373: 372 | B373: 45306 | C373: 36 | D373: Tunde | E373: Adebayo | F373: 49 | G373: Lagos | I373: 9 | J373: Power Bank | K373: Accessories | L373: 585.21 | M373: 3 | N373: 1755.63
A374: 373 | B374: 45841 | C374: 117 | D374: Ada | E374: Osei | F374: 68 | G374: Kano | H374: North West | I374: 30 | J374: Travel Adapter | K374: Lifestyle | L374: 672.22 | M374: 1 | N374: 672.22
A375: 374 | B375: 45757 | C375: 42 | D375: Ada | E375: Eze | F375: 45 | G375: Port Harcourt | H375: South South | I375: 19 | J375: Monitor | K375: Office | L375: 1048.43 | M375: 3 | N375: 3145.29
A376: 375 | B376: 45980 | C376: 118 | D376: Grace | E376: Adeyemi | F376: 36 | G376: Abuja | H376: South-West | I376: 30 | J376: Travel Adapter | K376: Lifestyle | L376: 672.22 | M376: 6 | N376: 4033.32
A377: 376 | B377: 45980 | C377: 92 | D377: Grace | E377: Adeyemi | F377: 40 | G377: Kano | H377: North West | I377: 6 | J377: Mouse | K377: Accessories | L377: 1330.91 | M377: 3 | N377: 3992.73
A378: 377 | B378: 45890 | C378: 53 | D378: Ngozi | E378: Nwosu | F378: 47 | G378: Enugu | H378: South East | I378: 20 | J378: External Drive | K378: Office | L378: 704.86 | M378: 4 | N378: 2819.44
A379: 378 | B379: 45945 | C379: 58 | D379: David | E379: Adeyemi | F379: 46 | G379: Abuja | H379: SOUTH WEST | I379: 12 | J379: Microwave | K379: Home Appliances | L379: 1036.12 | M379: 3 | N379: 3108.36
A380: 379 | B380: 45402 | C380: 43 | D380: Kemi | E380: Yakubu | F380: 66 | G380: Kano | H380: North West | I380: 9 | J380: Power Bank | K380: Accessories | L380: 585.21 | M380: 6 | N380: 3511.26
A381: 380 | B381: 45531 | C381: 77 | D381: Ibrahim | E381: Ibrahim | F381: 28 | G381: Kano | H381: North West | I381: 22 | J381: Gaming Headset | K381: Gaming | L381: 1377.44 | M381: 4 | N381: 5509.76
A382: 381 | B382: 45317 | C382: 45 | D382: Samuel | E382: Yakubu | F382: 46 | G382: Enugu | H382: South East | I382: 17 | J382: Desk Lamp | K382: Office | L382: 339.98 | M382: 5 | N382: 1699.9
A383: 382 | B383: 45866 | C383: 14 | D383: Grace | E383: Mensah | F383: 67 | G383: Lagos | H383: South West | I383: 22 | J383: Gaming Headset | K383: Gaming | L383: 1377.44 | M383: 3 | N383: 4132.32
A384: 383 | B384: 45916 | C384: 113 | D384: Grace | E384: Balogun | F384: 29 | G384: Lagos | H384: South West | I384: 8 | J384: USB Cable | K384: Accessories | L384: 1081.74 | M384: 2 | N384: 2163.48
A385: 384 | B385: 45955 | C385: 117 | D385: Ada | E385: Osei | F385: 68 | G385: Kano | H385: North West | I385: 25 | J385: Console Stand | K385: Gaming | L385: 705 | M385: 1 | N385: 705
... A389: 388 | B389: 45411 | C389: 109 | D389: Tunde | E389: Adebayo | F389: 60 | G389: Enugu | H389: South East | I389: 22 | J389: Gaming Headset | K389: Gaming | L389: 1377.44 | M389: 2 | N389: 2754.88
A390: 389 | B390: 45338 | C390: 119 | D390: Chinedu | E390: Mensah | F390: 61 | G390: Enugu | I390: 5 | J390: Smartwatch | K390: Electronics | L390: 691.29 | M390: 1 | N390: 691.29
A391: 390 | B391: 45603 | C391: 110 | D391: Emeka | E391: Ibrahim | F391: 50 | G391: Ibadan | H391: South West | I391: 1 | J391: Laptop | K391: Electronics | L391: 83.63 | M391: 4 | N391: 334.52
A392: 391 | B392: 45410 | C392: 71 | D392: Kemi | E392: Ibrahim | F392: 31 | G392: Enugu | H392: South East | I392: 11 | J392: Blender | K392: Home Appliances | L392: 234.14 | M392: 1 | N392: 234.14
A393: 392 | B393: 45532 | C393: 94 | D393: Joseph | E393: Bello | F393: 69 | G393: Kano | H393: North West | I393: 28 | J393: Fitness Band | K393: Lifestyle | L393: 486.19 | M393: 5 | N393: 2430.95
A394: 393 | B394: 45430 | C394: 29 | D394: Ngozi | E394: Nwosu | F394: 56 | G394: Ibadan | H394: South West | I394: 30 | J394: Travel Adapter | K394: Lifestyle | L394: 672.22 | M394: 4 | N394: 2688.88
A395: 394 | B395: 45756 | C395: 27 | D395: Chinedu | E395: Okafor | F395: 25 | G395: Abuja | H395: North Central | I395: 2 | J395: Smartphone | K395: Electronics | L395: 1476.14 | M395: 3 | N395: 4428.42
A396: 395 | B396: 45978 | C396: 51 | D396: David | E396: Osei | F396: 69 | G396: Abuja | H396: south west | I396: 30 | J396: Travel Adapter | K396: electronics | L396: 672.22 | M396: 6 | N396: 4033.32
A397: 396 | B397: 46005 | C397: 30 | D397: Ada | E397: Okafor | F397: 61 | G397: Port Harcourt | H397: South South | I397: 14 | J397: Fan | K397: Home Appliances | L397: 1292.75 | M397: 5 | N397: 6463.75
A398: 397 | B398: 45721 | C398: 80 | D398: Fatima | E398: Adeyemi | F398: 24 | G398: Abuja | H398: North Central | I398: 28 | J398: Fitness Band | K398: Lifestyle | L398: 486.19 | M398: 5 | N398: 2430.95
A399: 398 | B399: 45450 | C399: 56 | D399: David | E399: Mensah | F399: 30 | G399: Ibadan | H399: South West | I399: 26 | J399: Backpack | K399: Lifestyle | L399: 803.73 | M399: 4 | N399: 3214.92
A400: 399 | B400: 45962 | C400: 47 | D400: Tunde | E400: Mensah | F400: 18 | G400: Kano | H400: North West | I400: 19 | J400: Monitor | K400: Office | L400: 1048.43 | M400: 1 | N400: 1048.43
A401: 400 | B401: 45793 | C401: 26 | D401: Ibrahim | E401: Mensah | F401: 26 | G401: Lagos | H401: South West | I401: 29 | J401: Bluetooth Speaker | K401: Lifestyle | L401: 1136.55 | M401: 5 | N401: 5682.75
A402: 401 | B402: 45709 | C402: 17 | D402: Ibrahim | E402: Mensah | F402: 60 | G402: Enugu | H402: South East | I402: 25 | J402: Console Stand | K402: Gaming | L402: 705 | M402: 3 | N402: 2115
... A422: 421 | B422: 45530 | C422: 68 | D422: Chinedu | E422: Eze | F422: 22 | G422: Abuja | H422: North Central | I422: 4 | J422: Headphones | K422: Electronics | L422: 1156.21 | M422: 3 | N422: 3468.63
A423: 422 | B423: 45443 | C423: 22 | D423: Fatima | E423: Adeyemi | F423: unknown | G423: Lagos | H423: South West | I423: 1 | J423: Laptop | K423: Electronics | L423: -83.63 | M423: 5 | N423: 418.15
A424: 423 | B424: 45294 | C424: 92 | D424: Grace | E424: Adeyemi | F424: 40 | G424: Kano | H424: North West | I424: 21 | J424: Game Controller | K424: Gaming | L424: 842.75 | M424: 3 | N424: 2528.25
...

Sheet Change log
A1: ID | B1: Issue | C1: Field | D1: Action | E1: Rows | F1: Status
A2: C01 | B2: Duplicate orders | C2: All | D2: Removed (Remove Duplicates) | E2: 12 | F2: Done
A3: C02 | B3: Region spelling variants | C3: Region | D3: Standardised to "South West" | E3: 14 | F3: Done
A4: C03 | B4: Blank region | C4: Region | D4: Filled from City | E4: 4 | F4: Done
A5: C04 | B5: Category case and spaces | C5: Category | D5: Trimmed, standardised | E5: 500 | F5: Done
A6: C05 | B6: Spaces in first names | C6: FirstName | D6: Trimmed | E6: 15 | F6: Done
A7: C06 | B7: Negative prices | C7: Price | D7: Investigated and made positive | E7: 8 | F7: Done
A8: C07 | B8: Age "unknown" or blank | C8: Age | D8: Used customer's other orders | E8: 7 | F8: Done
A9: C08 | B9: Blank, inconsistent, and Impossible ages (0,150,unknown,blank) | C9: Age | D9: Used customer's other orders | E9: 3 | F9: Done
A10: C09 | B10: No full name | C10: FullName | D10: Joined first and last name | E10: 500 | F10: Done
A11: C10 | B11: No month field | C11: Month | D11: Created from OrderDate | E11: 500 | F11: Done
A12: C11 | B12: No year field | C12: Year | D12: Created from OrderDate | E12: 500 | F12: Done
A13: C12 | B13: Field name | C13: Total Amount | D13: Renamed TotalAmount to Revenue ; Recalculated as Price x Quantity | E13: 500 | F13: Done
... A17: C16 | B17: Wrong Format | C17: Quantity, Age | D17: Formatted as Number | E17: 500 | F17: Done

Sheet Processed Data
A1: OrderID | B1: OrderDate | C1: Month | D1: year | E1: CustomerID | F1: FullName | G1: Age | H1: City | I1: Region | J1: ProductID | K1: ProductName | L1: Category | M1: Price | N1: Quantity | O1: Revenue | P1: Sales Channel
A2: 1 | B2: 45808 | C2: =TEXT(B2,"mmm") -> May | D2: =YEAR(B2) -> 2025 | E2: 96 | F2: Mary Nwosu | G2: 69 | H2: Enugu | I2: South East | J2: 23 | K2: Mechanical Keyboard | L2: Gaming | M2: 195.22 | N2: 4 | O2: =M2*N2 -> 780.88 | P2: Corporate Sales
A3: 2 | B3: 45853 | C3: =TEXT(B3,"mmm") -> Jul | D3: =YEAR(B3) -> 2025 | E3: 42 | F3: Ada Eze | G3: 45 | H3: Port Harcourt | I3: South South | J3: 27 | K3: Water Bottle | L3: Lifestyle | M3: 845 | N3: 4 | O3: =M3*N3 -> 3380 | P3: Marketplace
A4: 3 | B4: 45454 | C4: =TEXT(B4,"mmm") -> Jun | D4: =YEAR(B4) -> 2024 | E4: 104 | F4: Amina Adeyemi | G4: 56 | H4: Port Harcourt | I4: South South | J4: 3 | K4: Tablet | L4: Electronics | M4: 922.74 | N4: 6 | O4: =M4*N4 -> 5536.44 | P4: Online
A5: 4 | B5: 45778 | C5: =TEXT(B5,"mmm") -> May | D5: =YEAR(B5) -> 2025 | E5: 14 | F5: Grace Mensah | G5: 67 | H5: Lagos | I5: South West | J5: 2 | K5: Smartphone | L5: Electronics | M5: 1476.14 | N5: 4 | O5: =M5*N5 -> 5904.56 | P5: Retail Store
A6: 5 | B6: 45557 | C6: =TEXT(B6,"mmm") -> Sept | D6: =YEAR(B6) -> 2024 | E6: 72 | F6: David Ibrahim | G6: 43 | H6: Enugu | I6: South East | J6: 12 | K6: Microwave | L6: Home Appliances | M6: 1036.12 | N6: 2 | O6: =M6*N6 -> 2072.24 | P6: Corporate Sales | S6: DESCRIPTIVE STATISTICS(Analysis ToolPak)
A7: 6 | B7: 45944 | C7: =TEXT(B7,"mmm") -> Oct | D7: =YEAR(B7) -> 2025 | E7: 119 | F7: Chinedu Mensah | G7: 61 | H7: Enugu | I7: South East | J7: 13 | K7: Electric Kettle | L7: Home Appliances | M7: 1340.6 | N7: 3 | O7: =M7*N7 -> 4021.8 | P7: Online | S7: AGE | T7: Age Stats | U7: Price | V7: Price Stats | W7: Quantity | X7: Quantity Stats | Y7: Revenue | Z7: Revenue stats
A8: 7 | B8: 45825 | C8: =TEXT(B8,"mmm") -> Jun | D8: =YEAR(B8) -> 2025 | E8: 113 | F8: Grace Balogun | G8: 29 | H8: Lagos | I8: South West | J8: 17 | K8: Desk Lamp | L8: Office | M8: 339.98 | N8: 4 | O8: =M8*N8 -> 1359.92 | P8: Retail Store | S8: Mean | T8: 43.656 | U8: Mean | V8: 859.0801 | W8: Mean | X8: 3.526 | Y8: Mean | Z8: 3037.7435
A9: 8 | B9: 45933 | C9: =TEXT(B9,"mmm") -> Oct | D9: =YEAR(B9) -> 2025 | E9: 102 | F9: Ibrahim Okoro | G9: 50 | H9: Port Harcourt | I9: South South | J9: 24 | K9: Gaming Mouse | L9: Gaming | M9: 213.01 | N9: 2 | O9: =M9*N9 -> 426.02 | P9: Retail Store | S9: Median | T9: 45 | U9: Median | V9: 845 | W9: Median | X9: 4 | Y9: Median | Z9: 2671.51
A10: 9 | B10: 45573 | C10: =TEXT(B10,"mmm") -> Oct | D10: =YEAR(B10) -> 2024 | E10: 105 | F10: Emeka Adebayo | G10: 45 | H10: Enugu | I10: South East | J10: 4 | K10: Headphones | L10: Electronics | M10: 1156.21 | N10: 4 | O10: =M10*N10 -> 4624.84 | P10: Marketplace | S10: Standard Deviation | T10: 15.358 | U10: Standard Deviation | V10: 394.77851 | W10: Standard Deviation | X10: 1.692055 | Y10: Standard Deviation | Z10: 2128.1808
A11: 10 | B11: 45371 | C11: =TEXT(B11,"mmm") -> Mar | D11: =YEAR(B11) -> 2024 | E11: 46 | F11: David Adeyemi | G11: 39 | H11: Kano | I11: North West | J11: 12 | K11: Microwave | L11: Home Appliances | M11: 1036.12 | N11: 6 | O11: =M11*N11 -> 6216.72 | P11: Marketplace | S11: Skewness | T11: 0.0355 | U11: Skewness | V11: -0.33169173 | W11: Skewness | X11: -0.039952742 | Y11: Skewness | Z11: 0.64986443
A12: 11 | B12: 45584 | C12: =TEXT(B12,"mmm") -> Oct | D12: =YEAR(B12) -> 2024 | E12: 95 | F12: Kemi Nwosu | G12: 19 | H12: Abuja | I12: North Central | J12: 26 | K12: Backpack | L12: Lifestyle | M12: 803.73 | N12: 2 | O12: =M12*N12 -> 1607.46 | P12: Marketplace | S12: Minimum | T12: 18 | U12: Minimum | V12: 83.63 | W12: Minimum | X12: 1 | Y12: Minimum | Z12: 83.63
A13: 12 | B13: 45570 | C13: =TEXT(B13,"mmm") -> Oct | D13: =YEAR(B13) -> 2024 | E13: 32 | F13: Chinedu Ibrahim | G13: 45 | H13: Enugu | I13: South East | J13: 26 | K13: Backpack | L13: Lifestyle | M13: 803.73 | N13: 3 | O13: =M13*N13 -> 2411.19 | P13: Marketplace | S13: Maximum | T13: 69 | U13: Maximum | V13: 1476.14 | W13: Maximum | X13: 6 | Y13: Maximum | Z13: 8264.64
A14: 13 | B14: 45619 | C14: =TEXT(B14,"mmm") -> Nov | D14: =YEAR(B14) -> 2024 | E14: 54 | F14: Grace Okoro | G14: 59 | H14: Lagos | I14: South West | J14: 11 | K14: Blender | L14: Home Appliances | M14: 234.14 | N14: 5 | O14: =M14*N14 -> 1170.7 | P14: Online | S14: Sum | T14: 21828 | U14: Sum | V14: 429540.05 | W14: Sum | X14: 1763 | Y14: Sum | Z14: 1518871.8
A15: 14 | B15: 45374 | C15: =TEXT(B15,"mmm") -> Mar | D15: =YEAR(B15) -> 2024 | E15: 8 | F15: Fatima Bello | G15: 31 | H15: Enugu | I15: South East | J15: 20 | K15: External Drive | L15: Office | M15: 704.86 | N15: 2 | O15: =M15*N15 -> 1409.72 | P15: Retail Store | S15: Count | T15: 500 | U15: Count | V15: 500 | W15: Count | X15: 500 | Y15: Count | Z15: 500
A16: 15 | B16: 45446 | C16: =TEXT(B16,"mmm") -> Jun | D16: =YEAR(B16) -> 2024 | E16: 103 | F16: Amina Adeyemi | G16: 34 | H16: Enugu | I16: South East | J16: 27 | K16: Water Bottle | L16: Lifestyle | M16: 845 | N16: 2 | O16: =M16*N16 -> 1690 | P16: Marketplace
A17: 16 | B17: 45684 | C17: =TEXT(B17,"mmm") -> Jan | D17: =YEAR(B17) -> 2025 | E17: 95 | F17: Kemi Nwosu | G17: 19 | H17: Abuja | I17: North Central | J17: 23 | K17: Mechanical Keyboard | L17: Gaming | M17: 195.22 | N17: 6 | O17: =M17*N17 -> 1171.32 | P17: Corporate Sales
A18: 17 | B18: 45448 | C18: =TEXT(B18,"mmm") -> Jun | D18: =YEAR(B18) -> 2024 | E18: 56 | F18: David Mensah | G18: 30 | H18: Ibadan | I18: South West | J18: 13 | K18: Electric Kettle | L18: Home Appliances | M18: 1340.6 | N18: 6 | O18: =M18*N18 -> 8043.6 | P18: Corporate Sales | S18: OUTLIERS CHECK | Y18: KPIS | Z18: Total | AA18: 2024 | AB18: 2025 | AC18: YoY Groth Rate
A19: 18 | B19: 45511 | C19: =TEXT(B19,"mmm") -> Aug | D19: =YEAR(B19) -> 2024 | E19: 75 | F19: Chinedu Yakubu | G19: 31 | H19: Ibadan | I19: South West | J19: 25 | K19: Console Stand | L19: Gaming | M19: 705 | N19: 1 | O19: =M19*N19 -> 705 | P19: Online | S19: . | T19: Age | U19: Price | V19: Quantity | W19: Revenue | Y19: Total Revenue | Z19: =SUM(O2:O501) -> 1518871.8 | AA19: =SUMIF(D2:D501, 2024,O2:O501) -> 695223.11 | AB19: =SUMIF(D2:D501, 2025,O2:O501) -> 823648.65 | AC19: =Analysis!H77 -> 0.18472565
A20: 19 | B20: 45716 | C20: =TEXT(B20,"mmm") -> Feb | D20: =YEAR(B20) -> 2025 | E20: 91 | F20: Kemi Okafor | G20: 40 | H20: Enugu | I20: South East | J20: 13 | K20: Electric Kettle | L20: Home Appliances | M20: 1340.6 | N20: 4 | O20: =M20*N20 -> 5362.4 | P20: Marketplace | S20: Q1 | T20: =_xlfn.QUARTILE.INC($G$2:G501,1) -> 30 | U20: =_xlfn.QUARTILE.INC($M$2:M501,1) -> 608.48 | V20: =_xlfn.QUARTILE.INC($N$2:N501,1) -> 2 | W20: =_xlfn.QUARTILE.INC(O2:O501,1) -> 1170.42 | Y20: Average Order value | Z20: =AVERAGE(O2:O501) -> 3037.7435 | AA20: =AVERAGEIF(D2:D501, 2024,O2:O501) -> 2958.3962 | AB20: =AVERAGEIF(D2:D501, 2025,O2:O501) -> 3108.1081 | AC20: =Analysis!H79 -> 0.050605764
A21: 20 | B21: 45630 | C21: =TEXT(B21,"mmm") -> Dec | D21: =YEAR(B21) -> 2024 | E21: 55 | F21: Ngozi Balogun | G21: 39 | H21: Lagos | I21: South West | J21: 16 | K21: Printer | L21: Office | M21: 1170.95 | N21: 5 | O21: =M21*N21 -> 5854.75 | P21: Corporate Sales | S21: Q3 | T21: =_xlfn.QUARTILE.INC($G$2:G501,3) -> 56 | U21: =_xlfn.QUARTILE.INC($M$2:M501,3) -> 1170.95 | V21: =_xlfn.QUARTILE.INC($N$2:N501,3) -> 5 | W21: =_xlfn.QUARTILE.INC($O2:O501,3) -> 4229.37 | Y21: Total Orders | Z21: =COUNT(A2:A501) -> 500 | AA21: =COUNTIF(D2:D501, 2024) -> 235 | AB21: =COUNTIF(D2:D501, 2025) -> 265 | AC21: =Analysis!H81 -> 0.12765957
A22: 21 | B22: 45769 | C22: =TEXT(B22,"mmm") -> Apr | D22: =YEAR(B22) -> 2025 | E22: 91 | F22: Kemi Okafor | G22: 40 | H22: Enugu | I22: South East | J22: 16 | K22: Printer | L22: Office | M22: 1170.95 | N22: 4 | O22: =M22*N22 -> 4683.8 | P22: Retail Store | S22: IQR | T22: =T21-T20 -> 26 | U22: =U21-U20 -> 562.47 | V22: =V21-V20 -> 3 | W22: =W21-W20 -> 3058.95 | Y22: Total Quantity | Z22: =SUM(N2:N501) -> 1763 | AA22: =SUMIF(D2:D501, 2024,N2:N501) -> 815 | AB22: =SUMIF(D2:D501, 2025,N2:N501) -> 948 | AC22: =Analysis!H83 -> 0.16319018
A23: 22 | B23: 45355 | C23: =TEXT(B23,"mmm") -> Mar | D23: =YEAR(B23) -> 2024 | E23: 27 | F23: Chinedu Okafor | G23: 25 | H23: Abuja | I23: North Central | J23: 29 | K23: Bluetooth Speaker | L23: Lifestyle | M23: 1136.55 | N23: 2 | O23: =M23*N23 -> 2273.1 | P23: Online | S23: Lower fence | T23: =T20-1.5*T22 -> -9 | U23: =U20-1.5*U22 -> -235.225 | V23: =V20-1.5*V22 -> -2.5 | W23: =W20-1.5*W22 -> -3418.005 | Y23: Total Customers | Z23: =Analysis!E56 -> 117 | AA23: =Analysis!F77 -> 103 | AB23: =Analysis!F78 -> 111 | AC23: =Analysis!H85 -> 0.077669903
A24: 23 | B24: 45722 | C24: =TEXT(B24,"mmm") -> Mar | D24: =YEAR(B24) -> 2025 | E24: 79 | F24: Kemi Okoro | G24: 24 | H24: Port Harcourt | I24: South South | J24: 21 | K24: Game Controller | L24: Gaming | M24: 842.75 | N24: 4 | O24: =M24*N24 -> 3371 | P24: Marketplace | S24: Upper Fence | T24: =T21+1.5*T22 -> 95 | U24: =U21+1.5*U22 -> 2014.655 | V24: =V21+1.5*V22 -> 9.5 | W24: =W21+1.5*W22 -> 8817.795
A25: 24 | B25: 45890 | C25: =TEXT(B25,"mmm") -> Aug | D25: =YEAR(B25) -> 2025 | E25: 53 | F25: Ngozi Nwosu | G25: 47 | H25: Enugu | I25: South East | J25: 15 | K25: Air Conditioner | L25: Home Appliances | M25: 1329.92 | N25: 6 | O25: =M25*N25 -> 7979.52 | P25: Online | S25: OUTLIERS | T25: =COUNTIF($G$2:$G$501, "<" & T23)+ COUNTIF($G$2:$G$501, ">" & T24) -> 0 | U25: =COUNTIF($M$2:$M$501,"<"&U23)+ COUNTIF($M$2:$M$501,">"&U24) -> 0 | V25: =COUNTIF($N$2:$N$501, "<" & V23)+ COUNTIF($N$2:$N$501, ">" & V24) -> 0 | W25: =COUNTIF($O$2:$O$501, "<" & W23)+ COUNTIF($O$2:$O$501, ">" & W24) -> 0
A26: 25 | B26: 45312 | C26: =TEXT(B26,"mmm") -> Jan | D26: =YEAR(B26) -> 2024 | E26: 22 | F26: Fatima Adeyemi | G26: 31 | H26: Lagos | I26: South West | J26: 18 | K26: Webcam | L26: Office | M26: 1209.1 | N26: 5 | O26: =M26*N26 -> 6045.5 | P26: Online
A27: 26 | B27: 45681 | C27: =TEXT(B27,"mmm") -> Jan | D27: =YEAR(B27) -> 2025 | E27: 9 | F27: Chinedu Adeyemi | G27: 42 | H27: Enugu | I27: South East | J27: 1 | K27: Laptop | L27: Electronics | M27: 83.63 | N27: 4 | O27: =M27*N27 -> 334.52 | P27: Corporate Sales
A28: 27 | B28: 45298 | C28: =TEXT(B28,"mmm") -> Jan | D28: =YEAR(B28) -> 2024 | E28: 104 | F28: Amina Adeyemi | G28: 56 | H28: Port Harcourt | I28: South South | J28: 10 | K28: Laptop Bag | L28: Accessories | M28: 608.48 | N28: 3 | O28: =M28*N28 -> 1825.44 | P28: Online
A29: 28 | B29: 45597 | C29: =TEXT(B29,"mmm") -> Nov | D29: =YEAR(B29) -> 2024 | E29: 114 | F29: Ngozi Yakubu | G29: 18 | H29: Port Harcourt | I29: South South | J29: 27 | K29: Water Bottle | L29: Lifestyle | M29: 845 | N29: 4 | O29: =M29*N29 -> 3380 | P29: Retail Store
A30: 29 | B30: 45721 | C30: =TEXT(B30,"mmm") -> Mar | D30: =YEAR(B30) -> 2025 | E30: 42 | F30: Ada Eze | G30: 45 | H30: Port Harcourt | I30: South South | J30: 23 | K30: Mechanical Keyboard | L30: Gaming | M30: 195.22 | N30: 5 | O30: =M30*N30 -> 976.1 | P30: Online
A31: 30 | B31: 45851 | C31: =TEXT(B31,"mmm") -> Jul | D31: =YEAR(B31) -> 2025 | E31: 2 | F31: Blessing Balogun | G31: 24 | H31: Kano | I31: North West | J31: 30 | K31: Travel Adapter | L31: Lifestyle | M31: 672.22 | N31: 5 | O31: =M31*N31 -> 3361.1 | P31: Marketplace
A32: 31 | B32: 45517 | C32: =TEXT(B32,"mmm") -> Aug | D32: =YEAR(B32) -> 2024 | E32: 60 | F32: Chinedu Mensah | G32: 28 | H32: Lagos | I32: South West | J32: 4 | K32: Headphones | L32: Electronics | M32: 1156.21 | N32: 4 | O32: =M32*N32 -> 4624.84 | P32: Online
A33: 32 | B33: 45516 | C33: =TEXT(B33,"mmm") -> Aug | D33: =YEAR(B33) -> 2024 | E33: 29 | F33: Ngozi Nwosu | G33: 56 | H33: Ibadan | I33: South West | J33: 1 | K33: Laptop | L33: Electronics | M33: 83.63 | N33: 3 | O33: =M33*N33 -> 250.89 | P33: Online
A34: 33 | B34: 45738 | C34: =TEXT(B34,"mmm") -> Mar | D34: =YEAR(B34) -> 2025 | E34: 114 | F34: Ngozi Yakubu | G34: 18 | H34: Port Harcourt | I34: South South | J34: 18 | K34: Webcam | L34: Office | M34: 1209.1 | N34: 4 | O34: =M34*N34 -> 4836.4 | P34: Online
A35: 34 | B35: 45321 | C35: =TEXT(B35,"mmm") -> Jan | D35: =YEAR(B35) -> 2024 | E35: 4 | F35: David Mensah | G35: 50 | H35: Ibadan | I35: South West | J35: 17 | K35: Desk Lamp | L35: Office | M35: 339.98 | N35: 4 | O35: =M35*N35 -> 1359.92 | P35: Retail Store
A36: 35 | B36: 45636 | C36: =TEXT(B36,"mmm") -> Dec | D36: =YEAR(B36) -> 2024 | E36: 11 | F36: Emeka Osei | G36: 52 | H36: Lagos | I36: South West | J36: 10 | K36: Laptop Bag | L36: Accessories | M36: 608.48 | N36: 6 | O36: =M36*N36 -> 3650.88 | P36: Marketplace
A37: 36 | B37: 45987 | C37: =TEXT(B37,"mmm") -> Nov | D37: =YEAR(B37) -> 2025 | E37: 67 | F37: Amina Yakubu | G37: 23 | H37: Abuja | I37: North Central | J37: 29 | K37: Bluetooth Speaker | L37: Lifestyle | M37: 1136.55 | N37: 4 | O37: =M37*N37 -> 4546.2 | P37: Corporate Sales
... A501: 500 | B501: 45565 | C501: =TEXT(B501,"mmm") -> Sept | D501: =YEAR(B501) -> 2024 | E501: 94 | F501: Joseph Bello | G501: 69 | H501: Kano | I501: North West | J501: 25 | K501: Console Stand | L501: Gaming | M501: 705 | N501: 1 | O501: =M501*N501 -> 705 | P501: Retail Store

Sheet Analysis
A3: Row Labels | B3: Sum of Revenue
A4: North West | B4: 193006.29
A5: South South | B5: 232982.1
A6: South East | B6: 253258.06
A7: North Central | B7: 283062.85
A8: South West | B8: 556562.46
A9: Grand Total | B9: 1518871.8
A14: Row Labels | B14: Sum of Revenue
A15: Gaming | B15: 185257.89
A16: Accessories | B16: 199777.15
A17: Electronics | B17: 268173.45
A18: Lifestyle | B18: 268851.01
A19: Office | B19: 289383.36
A20: Home Appliances | B20: 307428.9
A21: Grand Total | B21: 1518871.8
A25: Row Labels | B25: Sum of Revenue
A26: 2024 | B26: 695223.11
A27: 2025 | B27: 823648.65
A28: Grand Total | B28: 1518871.8
A40: Row Labels | B40: Sum of Revenue
A41: Electric Kettle | B41: 113951
A42: Smartphone | B42: 98901.38
A43: Gaming Headset | B43: 88156.16
A44: Printer | B44: 86650.3
A45: Webcam | B45: 85846.1
A46: Grand Total | B46: 473504.94
A55: Sum of Revenue | B55: Average of Revenue | C55: Sum of Quantity | D55: Count of OrderID | E55: Distinct Count of CustomerID
A56: 1518871.8 | B56: 3037.7435 | C56: 1763 | D56: 500 | E56: 117
A59: Sum of Revenue | B59: Column Labels
A60: Row Labels | B60: 2024 | C60: 2025 | D60: Grand Total
A61: Jan | B61: 62445.21 | C61: 45940.51 | D61: 108385.72
A62: Feb | B62: 34598.78 | C62: 67364.9 | D62: 101963.68
A63: Mar | B63: 63008.25 | C63: 70377.87 | D63: 133386.12
A64: Apr | B64: 60556.97 | C64: 102962.53 | D64: 163519.5
A65: May | B65: 56337.24 | C65: 58979.17 | D65: 115316.41
A66: Jun | B66: 45336.63 | C66: 43608.12 | D66: 88944.75
A67: Jul | B67: 34807.16 | C67: 65055.49 | D67: 99862.65
A68: Aug | B68: 59867.07 | C68: 76110.32 | D68: 135977.39
A69: Sept | B69: 49853.6 | C69: 72675.01 | D69: 122528.61
A70: Oct | B70: 89485.95 | C70: 74714.82 | D70: 164200.77
A71: Nov | B71: 76893.75 | C71: 97912.14 | D71: 174805.89
A72: Dec | B72: 62032.5 | C72: 47947.77 | D72: 109980.27
A73: Grand Total | B73: 695223.11 | C73: 823648.65 | D73: 1518871.8
A76: Row Labels | B76: Sum of Revenue | C76: Average of Revenue | D76: Count of OrderID | E76: Sum of Quantity | F76: Distinct Count of CustomerID | G76: Growth Rate (year on year)
A77: 2024 | B77: 695223.11 | C77: 2958.3962 | D77: 235 | E77: 815 | F77: 103 | G77: Revenue | H77: =(B78-B77)/B77 -> 0.18472565
A78: 2025 | B78: 823648.65 | C78: 3108.1081 | D78: 265 | E78: 948 | F78: 111
A79: Grand Total | B79: 1518871.8 | C79: 3037.7435 | D79: 500 | E79: 1763 | F79: 117 | G79: AOV | H79: =(C78-C77)/C77 -> 0.050605764
G81: Total Orders | H81: =(D78-D77)/D77 -> 0.12765957
A82: Row Labels | B82: Sum of Revenue
A83: Corporate Sales | B83: 343785.61 | G83: Units Sold | H83: =(E78-E77)/E77 -> 0.16319018
A84: Marketplace | B84: 356567.81
A85: Online | B85: 448655.11 | G85: Total Customers | H85: =(F78-F77)/F77 -> 0.077669903
A86: Retail Store | B86: 369863.23
A87: Grand Total | B87: 1518871.8

Sheet Dashboard
